1)riId	2)riType	3)regulatorId	4)regulatorName	5)cnfName	6)tfrsID	7)tfrsLeft	8)tfrsRight	9)strand	10)tfrsSeq	11)riFunction	12)promoterID	13)promoterName	14)tss	15)sigmaF	16)tfrsDistToPm	17)firstGene	18)tfrsDistTo1Gene	19)targetTuOrGene	20)confidenceLevel	21)tfrsEvidence	22)riEvidence	23)addEvidence	24)riEvTech	25)riEvCategory	26)tfrsPMIDS	27)riPMIDS 
RDBECOLIRIC05861	tf-promoter	RDBECOLITFC00228	AaeR	AaeR	RDBECOLIBSC04351			reverse		activator	RDBECOLIPMC00565	aaeXp	3389430			aaeX		RDBECOLITUC01101:aaeXAB	W	EXP-HTP-HDA-NUC-ACID-BINDING-GSELEX-CHIP:W	EXP-IEP-GENE-EXPRESSION-ANALYSIS:W		expression|binding in vitro	Classical expression|High-throughput binding	34220787	34220787
RDBECOLIRIC04906	tf-promoter	RDBECOLITFC00045	AccB	AccB	RDBECOLIBSC01260			forward		repressor	RDBECOLIPMC03732	accBp1	3405140	sigma70		accB		RDBECOLITUC03265:accBC	W		EXP-IEP-GENE-EXPRESSION-ANALYSIS:W;EXP-IMP:W		expression|binding in vivo	Classical expression|Classical binding		14594796
RDBECOLIRIC01081	tf-promoter	RDBECOLITFC00065	AcrR	AcrR	RDBECOLIBSC02405	1619048	1619057	forward	catcggtcaaTTCATTCATTtgacttatac	repressor	RDBECOLIPMC03509	marRp	1619093	sigma70	-40.5	marR	-67.5	RDBECOLITUC03225:marRAB	S	COMP-HINF-SIMILAR-TO-CONSENSUS:W;EXP-IDA-BINDING-OF-PURIFIED-PROTEINS:S	EXP-IEP-GENE-EXPRESSION-ANALYSIS:W		expression|non-experimental|binding in vitro	Classical expression|non-experimental|Classical binding	25176444	25176444
RDBECOLIRIC01082	tf-promoter	RDBECOLITFC00065	AcrR	AcrR	RDBECOLIBSC02406	4277444	4277453	forward	ataattcctcAAGTTAACTTgaggtaaagc	repressor	RDBECOLIPMC03811	soxRp	4277447	sigma70	2.5	soxR	-20.5	RDBECOLITUC03476:soxR	S	COMP-HINF-SIMILAR-TO-CONSENSUS:W;EXP-IDA-BINDING-OF-PURIFIED-PROTEINS:S	EXP-IEP-GENE-EXPRESSION-ANALYSIS:W		expression|non-experimental|binding in vitro	Classical expression|non-experimental|Classical binding	25176444	25176444
RDBECOLIRIC01083	tf-promoter	RDBECOLITFC00065	AcrR	AcrR	RDBECOLIBSC02406	4277444	4277453	reverse	gctttacctcAAGTTAACTTgaggaattat	repressor	RDBECOLIPMC03530	soxSp	4277423	sigma70	-25.5	soxS	-65.5	RDBECOLITUC03246:soxS	S	COMP-HINF-SIMILAR-TO-CONSENSUS:W;EXP-IDA-BINDING-OF-PURIFIED-PROTEINS:S	EXP-IEP-GENE-EXPRESSION-ANALYSIS:W		expression|non-experimental|binding in vitro	Classical expression|non-experimental|Classical binding	25176444	25176444
RDBECOLIRIC02657	tf-promoter	RDBECOLITFC00049	Ada	Ada	RDBECOLIBSC03541	4414182	4414205	forward	cgcattacatTGCTGGATAAGAATGTTTTAGCAAtctctttctg	activator	RDBECOLIPMC02642	aidBp2	4414247	sigma38	-53.5	aidB	-81.5	RDBECOLITUC02210:aidB	S	COMP-HINF-SIMILAR-TO-CONSENSUS:W;EXP-IDA-BINDING-OF-PURIFIED-PROTEINS:S	EXP-IEP-GENE-EXPRESSION-ANALYSIS:W		expression|non-experimental|binding in vitro	Classical expression|non-experimental|Classical binding	7556074;7713936;8002588	7556074;7713936;8002588 
RDBECOLIRIC02855	tf-promoter	RDBECOLITFC00049	Ada	Ada	RDBECOLIBSC03376	2147589	2147612	reverse	ccgtcgcgacAACCGGAATATGAAAGCAAAGCGCagcgtctgaa	activator	RDBECOLIPMC02695	alkAp2	2147559	sigma38	-41.5	alkA	-60.5	RDBECOLITUC02265:alkA	C	EXP-IDA-BINDING-OF-PURIFIED-PROTEINS:S;COMP-HINF-SIMILAR-TO-CONSENSUS:W;EXP-IMP-SITE-MUTATION:S	EXP-IEP-GENE-EXPRESSION-ANALYSIS:W	AE(EXP-IMP-SITE-MUTATION/EXP-IDA-BINDING-OF-PURIFIED-PROTEINS):C	expression|binding in vitro|non-experimental|binding in vivo or in vitro	Classical expression|Classical binding|non-experimental	10049384;1494347;3009022;9188491	10049384;10542189;1494347;2648001;3009022;7868601;7937881;9188491 
RDBECOLIRIC02861	tf-promoter	RDBECOLITFC00049	Ada	Ada	RDBECOLIBSC03540	2310454	2310477	reverse	aaaaattaaaGCGCAAGATTGTTGGTTTTTGCGTgatggtgacc	repressor	RDBECOLIPMC02701	adap2	2310427	sigma38	-38.5	ada	-60.5	RDBECOLITUC02270:ada-alkB	C	EXP-IDA-BINDING-OF-PURIFIED-PROTEINS:S;COMP-HINF-SIMILAR-TO-CONSENSUS:W;EXP-IMP-SITE-MUTATION:S	EXP-IEP-GENE-EXPRESSION-ANALYSIS:W	AE(EXP-IMP-SITE-MUTATION/EXP-IDA-BINDING-OF-PURIFIED-PROTEINS):C	expression|binding in vitro|non-experimental|binding in vivo or in vitro	Classical expression|Classical binding|non-experimental	2648001;3009022;3139888	2648001;3139888;7868601;7937881 
RDBECOLIRIC00400	tf-promoter	RDBECOLITFC00176	AdiY	AdiY	RDBECOLIBSC01997			reverse		activator	RDBECOLIPMC03971	gadAp	3667607	sigma70		gadA		RDBECOLITUC03638:gadAX	S	EXP-IDA-BINDING-OF-PURIFIED-PROTEINS:S			binding in vitro	Classical binding	21034467	21034467
RDBECOLIRIC00401	tf-promoter	RDBECOLITFC00176	AdiY	AdiY	RDBECOLIBSC01998			reverse		activator	RDBECOLIPMC03970	gadBp	1572072	sigma70		gadB		RDBECOLITUC03593:gadBC	S	EXP-IDA-BINDING-OF-PURIFIED-PROTEINS:S			binding in vitro	Classical binding	21034467	21034467
RDBECOLIRIC00402	tf-promoter	RDBECOLITFC00176	AdiY	AdiY	RDBECOLIBSC01999			forward		activator	RDBECOLIPMC03501	gltBp	3354509	sigma70		gltB		RDBECOLITUC03217:gltBDF	S	EXP-IDA-BINDING-OF-PURIFIED-PROTEINS:S			binding in vitro	Classical binding	21034467	21034467
RDBECOLIRIC04781	tf-promoter	RDBECOLITFC00005	AgaR	AgaR	RDBECOLIBSC00999	3278781	3278800	forward	tttcagtgacTTTCATTATGTTTCTTTTGTgaatcagatc	repressor	RDBECOLIPMC02820	kbaZp	3278866	sigma70	-75.5	kbaZ	-123.5	RDBECOLITUC02460:kbaZ-agaVWA	C	COMP-HINF-SIMILAR-TO-CONSENSUS:W;EXP-IDA-BINDING-OF-PURIFIED-PROTEINS:S	EXP-IEP-GENE-EXPRESSION-ANALYSIS:W;EXP-HTP-HDA-NUC-ACID-BINDING-DAP-SEQ:W	AE(EXP-IDA-BINDING-OF-PURIFIED-PROTEINS/EXP-HTP-HDA-NUC-ACID-BINDING-DAP-SEQ/COMP-HINF-SIMILAR-TO-CONSENSUS/EXP-IEP-GENE-EXPRESSION-ANALYSIS):C;AE(EXP-HTP-HDA-NUC-ACID-BINDING-DAP-SEQ/COMP-HINF-SIMILAR-TO-CONSENSUS/EXP-IEP-GENE-EXPRESSION-ANALYSIS):S	expression|binding in vitro|non-experimental	Classical expression|High-throughput binding|non-experimental|Classical binding	14731281	14731281;34824476 
RDBECOLIRIC04782	tf-promoter	RDBECOLITFC00005	AgaR	AgaR	RDBECOLIBSC00998	3278825	3278844	forward	aaccattatcTTTCGTTTTATTTTTATCTCaccatgacgc	repressor	RDBECOLIPMC02820	kbaZp	3278866	sigma70	-31.5	kbaZ	-79.5	RDBECOLITUC02460:kbaZ-agaVWA	S	COMP-HINF-SIMILAR-TO-CONSENSUS:W;EXP-IDA-BINDING-OF-PURIFIED-PROTEINS:S	EXP-IEP-GENE-EXPRESSION-ANALYSIS:W		expression|non-experimental|binding in vitro	Classical expression|non-experimental|Classical binding	14731281	14731281
RDBECOLIRIC04783	tf-promoter	RDBECOLITFC00005	AgaR	AgaR	RDBECOLIBSC00997	3278859	3278878	forward	tgacgcagtaTCAACTGAAACAAAACGAAAgattaatatc	repressor	RDBECOLIPMC02820	kbaZp	3278866	sigma70	3.5	kbaZ	-45.5	RDBECOLITUC02460:kbaZ-agaVWA	S	COMP-HINF-SIMILAR-TO-CONSENSUS:W;EXP-IDA-BINDING-OF-PURIFIED-PROTEINS:S	EXP-IEP-GENE-EXPRESSION-ANALYSIS:W		expression|non-experimental|binding in vitro	Classical expression|non-experimental|Classical binding	14731281	14731281
RDBECOLIRIC01083	tf-promoter	RDBECOLITFC00065	Ada	Ada	RDBECOLIBSC02406	4277444	4277453	reverse	gctttacctcAAGTTAACTTgaggaattat	repressor	RDBECOLIPMC03530	soxSp	4277423	sigma70	-25.5	soxS	-65.5	RDBECOLITUC03246:soxS	S	COMP-HINF-SIMILAR-TO-CONSENSUS:W;EXP-IDA-BINDING-OF-PURIFIED-PROTEINS:S	EXP-IEP-GENE-EXPRESSION-ANALYSIS:W		expression|non-experimental|binding in vitro	Classical expression|non-experimental|Classical binding	25176444	25176444
